Filename,Labels
0.jpg,Adhered
1.jpg,Steel
2.jpg,Concrete
3.jpg,Concrete
4.jpg,Steel
5.jpg,Adhered
6.jpg,Concrete
7.jpg,Steel
8.jpg,Steel
9.jpg,Steel
10.jpg,Adhered
11.jpg,Steel
12.jpg,Steel
13.jpg,Adhered
14.jpg,Steel
15.jpg,Steel
16.jpg,Concrete
17.jpg,Adhered
18.jpg,Steel
19.jpg,Steel
20.jpg,Concrete
21.jpg,Concrete
22.jpg,Adhered
23.jpg,Adhered
24.jpg,Steel
25.jpg,Steel
26.jpg,Adhered
27.jpg,Concrete
28.jpg,Concrete
29.jpg,Concrete
30.jpg,Steel
31.jpg,Steel
32.jpg,Adhered
33.jpg,Concrete
34.jpg,Concrete
35.jpg,Adhered
36.jpg,Adhered
37.jpg,Adhered
38.jpg,Adhered
39.jpg,Concrete
40.jpg,Steel
41.jpg,Steel
42.jpg,Steel
43.jpg,Concrete
44.jpg,Steel
45.jpg,Steel
46.jpg,Adhered
47.jpg,Steel
48.jpg,Adhered
49.jpg,Adhered
50.jpg,Steel
51.jpg,Concrete
52.jpg,Adhered
53.jpg,Steel
54.jpg,Steel
55.jpg,Steel
56.jpg,Steel
57.jpg,Steel
58.jpg,Steel
59.jpg,Steel
60.jpg,Concrete
61.jpg,Steel
62.jpg,Concrete
63.jpg,Adhered
64.jpg,Steel
65.jpg,Steel
66.jpg,Steel
67.jpg,Adhered
68.jpg,Steel
69.jpg,Adhered
70.jpg,Adhered
71.jpg,Adhered
72.jpg,Concrete
73.jpg,Steel
74.jpg,Adhered
75.jpg,Adhered
76.jpg,Steel
77.jpg,Concrete
78.jpg,Concrete
79.jpg,Steel
80.jpg,Adhered
81.jpg,Adhered
82.jpg,Adhered
83.jpg,Steel
84.jpg,Steel
85.jpg,Adhered
86.jpg,Concrete
87.jpg,Adhered
88.jpg,Steel
89.jpg,Steel
90.jpg,Steel
91.jpg,Concrete
92.jpg,Concrete
93.jpg,Steel
94.jpg,Concrete
95.jpg,Adhered
96.jpg,Concrete
97.jpg,Adhered
98.jpg,Concrete
99.jpg,Steel
100.jpg,Concrete
101.jpg,Concrete
102.jpg,Steel
103.jpg,Adhered
104.jpg,Adhered
105.jpg,Steel
106.jpg,Adhered
107.jpg,Adhered
108.jpg,Adhered
109.jpg,Steel
110.jpg,Steel
111.jpg,Adhered
112.jpg,Steel
113.jpg,Adhered
114.jpg,Steel
115.jpg,Adhered
116.jpg,Steel
117.jpg,Concrete
118.jpg,Concrete
119.jpg,Steel
120.jpg,Steel
121.jpg,Adhered
122.jpg,Steel
123.jpg,Steel
124.jpg,Concrete
125.jpg,Adhered
126.jpg,Steel
127.jpg,Steel
128.jpg,Steel
129.jpg,Steel
130.jpg,Concrete
131.jpg,Concrete
132.jpg,Concrete
133.jpg,Concrete
134.jpg,Adhered
135.jpg,Adhered
136.jpg,Steel
137.jpg,Adhered
138.jpg,Steel
139.jpg,Steel
140.jpg,Concrete
141.jpg,Concrete
142.jpg,Steel
143.jpg,Steel
144.jpg,Steel
145.jpg,Steel
146.jpg,Concrete
147.jpg,Adhered
148.jpg,Steel
149.jpg,Concrete
150.jpg,Steel
151.jpg,Adhered
152.jpg,Steel
153.jpg,Concrete
154.jpg,Concrete
155.jpg,Steel
156.jpg,Adhered
157.jpg,Adhered
158.jpg,Concrete
159.jpg,Concrete
160.jpg,Concrete
161.jpg,Concrete
162.jpg,Steel
163.jpg,Steel
164.jpg,Steel
165.jpg,Steel
166.jpg,Steel
167.jpg,Steel
168.jpg,Steel
169.jpg,Steel
170.jpg,Concrete
171.jpg,Steel
172.jpg,Adhered
173.jpg,Concrete
174.jpg,Adhered
175.jpg,Concrete
176.jpg,Adhered
177.jpg,Concrete
178.jpg,Steel
179.jpg,Steel
180.jpg,Adhered
181.jpg,Steel
182.jpg,Steel
183.jpg,Steel
184.jpg,Concrete
185.jpg,Steel
186.jpg,Steel
187.jpg,Concrete
188.jpg,Concrete
189.jpg,Steel
190.jpg,Steel
191.jpg,Concrete
192.jpg,Steel
193.jpg,Concrete
194.jpg,Adhered
195.jpg,Steel
196.jpg,Adhered
197.jpg,Steel
198.jpg,Adhered
199.jpg,Concrete
200.jpg,Adhered
201.jpg,Concrete
202.jpg,Steel
203.jpg,Concrete
204.jpg,Concrete
205.jpg,Steel
206.jpg,Concrete
207.jpg,Steel
208.jpg,Steel
209.jpg,Steel
210.jpg,Adhered
211.jpg,Adhered
212.jpg,Concrete
213.jpg,Steel
214.jpg,Concrete
215.jpg,Steel
216.jpg,Steel
217.jpg,Steel
218.jpg,Steel
219.jpg,Steel
220.jpg,Steel
221.jpg,Concrete
222.jpg,Adhered
223.jpg,Adhered
224.jpg,Adhered
225.jpg,Concrete
226.jpg,Steel
227.jpg,Concrete
228.jpg,Concrete
229.jpg,Steel
230.jpg,Adhered
231.jpg,Steel
232.jpg,Steel
233.jpg,Steel
234.jpg,Steel
235.jpg,Steel
236.jpg,Steel
237.jpg,Concrete
238.jpg,Steel
239.jpg,Concrete
240.jpg,Steel
241.jpg,Adhered
242.jpg,Steel
243.jpg,Adhered
244.jpg,Steel
245.jpg,Steel
246.jpg,Adhered
247.jpg,Steel
248.jpg,Steel
249.jpg,Concrete
250.jpg,Steel
251.jpg,Adhered
252.jpg,Steel
253.jpg,Concrete
254.jpg,Steel
255.jpg,Steel
256.jpg,Concrete
257.jpg,Steel
258.jpg,Adhered
259.jpg,Adhered
260.jpg,Steel
261.jpg,Adhered
262.jpg,Adhered
263.jpg,Concrete
264.jpg,Steel
265.jpg,Concrete
266.jpg,Steel
267.jpg,Concrete
268.jpg,Steel
269.jpg,Concrete
270.jpg,Adhered
271.jpg,Steel
272.jpg,Concrete
273.jpg,Steel
274.jpg,Steel
275.jpg,Concrete
276.jpg,Concrete
277.jpg,Concrete
278.jpg,Steel
279.jpg,Steel
280.jpg,Steel
281.jpg,Steel
282.jpg,Concrete
283.jpg,Concrete
284.jpg,Steel
285.jpg,Steel
286.jpg,Adhered
287.jpg,Steel
288.jpg,Steel
289.jpg,Concrete
290.jpg,Adhered
291.jpg,Adhered
292.jpg,Steel
293.jpg,Adhered
294.jpg,Steel
295.jpg,Steel
296.jpg,Concrete
297.jpg,Concrete
298.jpg,Adhered
299.jpg,Concrete
300.jpg,Steel
301.jpg,Concrete
302.jpg,Adhered
303.jpg,Adhered
304.jpg,Steel
305.jpg,Adhered
306.jpg,Steel
307.jpg,Adhered
308.jpg,Steel
309.jpg,Adhered
310.jpg,Adhered
311.jpg,Steel
312.jpg,Steel
313.jpg,Adhered
314.jpg,Steel
315.jpg,Steel
316.jpg,Concrete
317.jpg,Steel
318.jpg,Steel
319.jpg,Concrete
320.jpg,Concrete
321.jpg,Steel
322.jpg,Steel
323.jpg,Steel
324.jpg,Steel
325.jpg,Steel
326.jpg,Concrete
327.jpg,Steel
328.jpg,Steel
329.jpg,Steel
330.jpg,Adhered
331.jpg,Steel
332.jpg,Concrete
333.jpg,Concrete
334.jpg,Adhered
335.jpg,Adhered
336.jpg,Steel
337.jpg,Steel
338.jpg,Adhered
339.jpg,Adhered
340.jpg,Adhered
341.jpg,Steel
342.jpg,Steel
343.jpg,Adhered
344.jpg,Steel
345.jpg,Steel
346.jpg,Steel
347.jpg,Adhered
348.jpg,Steel
349.jpg,Steel
350.jpg,Concrete
351.jpg,Concrete
352.jpg,Steel
353.jpg,Adhered
354.jpg,Steel
355.jpg,Steel
356.jpg,Adhered
357.jpg,Concrete
358.jpg,Concrete
359.jpg,Steel
360.jpg,Concrete
361.jpg,Concrete
362.jpg,Concrete
363.jpg,Concrete
364.jpg,Steel
365.jpg,Concrete
366.jpg,Steel
367.jpg,Adhered
368.jpg,Steel
369.jpg,Steel
370.jpg,Adhered
371.jpg,Concrete
372.jpg,Adhered
373.jpg,Adhered
374.jpg,Adhered
375.jpg,Concrete
376.jpg,Steel
377.jpg,Steel
378.jpg,Concrete
379.jpg,Adhered
380.jpg,Adhered
381.jpg,Steel
382.jpg,Concrete
383.jpg,Adhered
384.jpg,Concrete
385.jpg,Concrete
386.jpg,Adhered
387.jpg,Steel
388.jpg,Steel
389.jpg,Adhered
390.jpg,Steel
391.jpg,Adhered
392.jpg,Concrete
393.jpg,Concrete
394.jpg,Adhered
395.jpg,Concrete
396.jpg,Concrete
397.jpg,Steel
398.jpg,Steel
399.jpg,Steel
400.jpg,Concrete
401.jpg,Steel
402.jpg,Steel
403.jpg,Steel
404.jpg,Steel
405.jpg,Steel
406.jpg,Steel
407.jpg,Concrete
408.jpg,Adhered
409.jpg,Steel
410.jpg,Adhered
411.jpg,Concrete
412.jpg,Adhered
413.jpg,Concrete
414.jpg,Adhered
415.jpg,Concrete
416.jpg,Concrete
417.jpg,Concrete
418.jpg,Steel
419.jpg,Steel
420.jpg,Concrete
421.jpg,Steel
422.jpg,Concrete
423.jpg,Steel
424.jpg,Adhered
425.jpg,Concrete
426.jpg,Adhered
427.jpg,Steel
428.jpg,Concrete
429.jpg,Steel
430.jpg,Concrete
431.jpg,Steel
432.jpg,Steel
433.jpg,Concrete
434.jpg,Steel
435.jpg,Steel
436.jpg,Adhered
437.jpg,Concrete
438.jpg,Adhered
439.jpg,Steel
440.jpg,Steel
441.jpg,Adhered
442.jpg,Concrete
443.jpg,Steel
444.jpg,Adhered
445.jpg,Concrete
446.jpg,Steel
447.jpg,Steel
448.jpg,Adhered
449.jpg,Adhered
450.jpg,Steel
451.jpg,Adhered
452.jpg,Concrete
453.jpg,Adhered
454.jpg,Adhered
455.jpg,Concrete
456.jpg,Steel
457.jpg,Steel
458.jpg,Steel
459.jpg,Adhered
460.jpg,Steel
461.jpg,Steel
462.jpg,Concrete
463.jpg,Adhered
464.jpg,Adhered
465.jpg,Steel
466.jpg,Adhered
467.jpg,Steel
468.jpg,Adhered
469.jpg,Concrete
470.jpg,Steel
471.jpg,Steel
472.jpg,Adhered
473.jpg,Steel
474.jpg,Steel
475.jpg,Steel
476.jpg,Steel
477.jpg,Steel
478.jpg,Steel
479.jpg,Steel
480.jpg,Adhered
481.jpg,Steel
482.jpg,Steel
483.jpg,Adhered
484.jpg,Adhered
485.jpg,Adhered
486.jpg,Adhered
487.jpg,Adhered
488.jpg,Steel
489.jpg,Adhered
490.jpg,Adhered
491.jpg,Concrete
492.jpg,Steel
493.jpg,Steel
494.jpg,Steel
495.jpg,Steel
496.jpg,Steel
497.jpg,Concrete
498.jpg,Concrete
499.jpg,Steel
500.jpg,Steel
501.jpg,Steel
502.jpg,Adhered
503.jpg,Concrete
504.jpg,Concrete
505.jpg,Steel
506.jpg,Concrete
507.jpg,Steel
508.jpg,Steel
509.jpg,Steel
510.jpg,Adhered
511.jpg,Adhered
512.jpg,Steel
513.jpg,Concrete
514.jpg,Adhered
515.jpg,Steel
516.jpg,Steel
517.jpg,Concrete
518.jpg,Concrete
519.jpg,Steel
520.jpg,Concrete
521.jpg,Adhered
522.jpg,Adhered
523.jpg,Concrete
524.jpg,Adhered
525.jpg,Steel
526.jpg,Adhered
527.jpg,Adhered
528.jpg,Concrete
529.jpg,Concrete
530.jpg,Concrete
531.jpg,Steel
532.jpg,Adhered
533.jpg,Adhered
534.jpg,Adhered
535.jpg,Concrete
536.jpg,Concrete
537.jpg,Concrete
538.jpg,Steel
539.jpg,Adhered
540.jpg,Adhered
541.jpg,Concrete
542.jpg,Adhered
543.jpg,Steel
544.jpg,Steel
545.jpg,Adhered
546.jpg,Concrete
547.jpg,Concrete
548.jpg,Steel
549.jpg,Steel
550.jpg,Steel
551.jpg,Adhered
552.jpg,Steel
553.jpg,Steel
554.jpg,Concrete
555.jpg,Adhered
556.jpg,Steel
557.jpg,Steel
558.jpg,Steel
559.jpg,Steel
560.jpg,Adhered
561.jpg,Steel
562.jpg,Steel
563.jpg,Concrete
564.jpg,Steel
565.jpg,Steel
566.jpg,Steel
567.jpg,Adhered
568.jpg,Concrete
569.jpg,Steel
570.jpg,Steel
571.jpg,Steel
572.jpg,Concrete
573.jpg,Steel
574.jpg,Steel
575.jpg,Steel
576.jpg,Adhered
577.jpg,Steel
578.jpg,Concrete
579.jpg,Steel
580.jpg,Concrete
581.jpg,Concrete
582.jpg,Steel
583.jpg,Adhered
584.jpg,Adhered
585.jpg,Adhered
586.jpg,Steel
587.jpg,Steel
588.jpg,Adhered
589.jpg,Adhered
590.jpg,Adhered
591.jpg,Steel
592.jpg,Steel
593.jpg,Steel
594.jpg,Concrete
595.jpg,Adhered
