filename,label
0.jpg,Ballasted
1.jpg,Shingle
2.jpg,Concrete
3.jpg,Concrete
4.jpg,Shingle
5.jpg,Adhered
6.jpg,Concrete
7.jpg,Steel
8.jpg,Plastic & fabric
9.jpg,Steel
10.jpg,Steel
11.jpg,Concrete
12.jpg,Steel
13.jpg,Steel
14.jpg,Steel
15.jpg,Steel
16.jpg,Adhered
17.jpg,Steel
18.jpg,Plastic & fabric
19.jpg,Steel
20.jpg,Concrete
21.jpg,Adhered
22.jpg,Adhered
23.jpg,Steel
24.jpg,Steel
25.jpg,Steel
26.jpg,Steel
27.jpg,Concrete
28.jpg,Adhered
29.jpg,Steel
30.jpg,Adhered
31.jpg,Steel
32.jpg,Ballasted
33.jpg,Ballasted
34.jpg,Concrete
35.jpg,Steel
36.jpg,Steel
37.jpg,Shingle
38.jpg,Ballasted
39.jpg,Concrete
40.jpg,Adhered
41.jpg,Steel
42.jpg,Steel
43.jpg,Concrete
44.jpg,Adhered
45.jpg,Steel
46.jpg,Adhered
47.jpg,Steel
48.jpg,Ballasted
49.jpg,Adhered
50.jpg,Ballasted
51.jpg,Adhered
52.jpg,Ballasted
53.jpg,Ballasted
54.jpg,Adhered
55.jpg,Steel
56.jpg,Steel
57.jpg,Shingle
58.jpg,Steel
59.jpg,Concrete
60.jpg,Concrete
61.jpg,Steel
62.jpg,Concrete
63.jpg,Plastic & fabric
64.jpg,Steel
65.jpg,Adhered
66.jpg,Steel
67.jpg,Steel
68.jpg,Steel
69.jpg,Concrete
70.jpg,Adhered
71.jpg,Steel
72.jpg,Concrete
73.jpg,Plastic & fabric
74.jpg,Steel
75.jpg,Adhered
76.jpg,Steel
77.jpg,Concrete
78.jpg,Concrete
79.jpg,Steel
80.jpg,Adhered
81.jpg,Steel
82.jpg,Ballasted
83.jpg,Steel
84.jpg,Steel
85.jpg,Adhered
86.jpg,Concrete
87.jpg,Ballasted
88.jpg,Adhered
89.jpg,Steel
90.jpg,Adhered
91.jpg,Concrete
92.jpg,Steel
93.jpg,Steel
94.jpg,Adhered
95.jpg,Concrete
96.jpg,Concrete
97.jpg,Adhered
98.jpg,Concrete
99.jpg,Ballasted
100.jpg,Concrete
101.jpg,Adhered
102.jpg,Steel
103.jpg,Adhered
104.jpg,Steel
105.jpg,Steel
106.jpg,Concrete
107.jpg,Steel
108.jpg,Steel
109.jpg,Steel
110.jpg,Steel
111.jpg,Concrete
112.jpg,Adhered
113.jpg,Adhered
114.jpg,Steel
115.jpg,Adhered
116.jpg,Steel
117.jpg,Adhered
118.jpg,Ballasted
119.jpg,Steel
120.jpg,Steel
121.jpg,Adhered
122.jpg,Steel
123.jpg,Steel
124.jpg,Concrete
125.jpg,Steel
126.jpg,Adhered
127.jpg,Steel
128.jpg,Shingle
129.jpg,Steel
130.jpg,Plastic & fabric
131.jpg,Concrete
132.jpg,Concrete
133.jpg,Adhered
134.jpg,Concrete
135.jpg,Steel
136.jpg,Steel
137.jpg,Concrete
138.jpg,Steel
139.jpg,Adhered
140.jpg,Ballasted
141.jpg,Concrete
142.jpg,Steel
143.jpg,Steel
144.jpg,Plastic & fabric
145.jpg,Steel
146.jpg,Ballasted
147.jpg,Shingle
148.jpg,Steel
149.jpg,Concrete
150.jpg,Adhered
151.jpg,Adhered
152.jpg,Steel
153.jpg,Adhered
154.jpg,Adhered
155.jpg,Concrete
156.jpg,Steel
157.jpg,Steel
158.jpg,Concrete
159.jpg,Concrete
160.jpg,Ballasted
161.jpg,Concrete
162.jpg,Concrete
163.jpg,Steel
164.jpg,Shingle
165.jpg,Steel
166.jpg,Steel
167.jpg,Adhered
168.jpg,Steel
169.jpg,Steel
170.jpg,Concrete
171.jpg,Steel
172.jpg,Concrete
173.jpg,Plastic & fabric
174.jpg,Adhered
175.jpg,Concrete
176.jpg,Adhered
177.jpg,Steel
178.jpg,Plastic & fabric
179.jpg,Steel
180.jpg,Concrete
181.jpg,Concrete
182.jpg,Adhered
183.jpg,Concrete
184.jpg,Adhered
185.jpg,Steel
186.jpg,Steel
187.jpg,Concrete
188.jpg,Adhered
189.jpg,Steel
190.jpg,Steel
191.jpg,Concrete
192.jpg,Steel
193.jpg,Concrete
194.jpg,Steel
195.jpg,Adhered
196.jpg,Adhered
197.jpg,Shingle
198.jpg,Ballasted
199.jpg,Concrete
200.jpg,Adhered
201.jpg,Concrete
202.jpg,Steel
203.jpg,Concrete
204.jpg,Steel
205.jpg,Concrete
206.jpg,Concrete
207.jpg,Steel
208.jpg,Steel
209.jpg,Adhered
210.jpg,Steel
211.jpg,Steel
212.jpg,Concrete
213.jpg,Ballasted
214.jpg,Adhered
215.jpg,Ballasted
216.jpg,Steel
217.jpg,Steel
218.jpg,Adhered
219.jpg,Steel
220.jpg,Steel
221.jpg,Concrete
222.jpg,Steel
223.jpg,Concrete
224.jpg,Adhered
225.jpg,Adhered
226.jpg,Steel
227.jpg,Ballasted
228.jpg,Concrete
229.jpg,Steel
230.jpg,Adhered
231.jpg,Steel
232.jpg,Adhered
233.jpg,Steel
234.jpg,Adhered
235.jpg,Concrete
236.jpg,Adhered
237.jpg,Adhered
238.jpg,Steel
239.jpg,Adhered
240.jpg,Plastic & fabric
241.jpg,Steel
242.jpg,Steel
243.jpg,Steel
244.jpg,Steel
245.jpg,Ballasted
246.jpg,Steel
247.jpg,Steel
248.jpg,Steel
249.jpg,Concrete
250.jpg,Steel
251.jpg,Adhered
252.jpg,Steel
253.jpg,Ballasted
254.jpg,Steel
255.jpg,Ballasted
256.jpg,Adhered
257.jpg,Steel
258.jpg,Steel
259.jpg,Steel
260.jpg,Steel
261.jpg,Adhered
262.jpg,Steel
263.jpg,Adhered
264.jpg,Steel
265.jpg,Concrete
266.jpg,Shingle
267.jpg,Concrete
268.jpg,Adhered
269.jpg,Adhered
270.jpg,Adhered
271.jpg,Plastic & fabric
272.jpg,Adhered
273.jpg,Adhered
274.jpg,Adhered
275.jpg,Concrete
276.jpg,Concrete
277.jpg,Concrete
278.jpg,Adhered
279.jpg,Steel
280.jpg,Steel
281.jpg,Steel
282.jpg,Concrete
283.jpg,Concrete
284.jpg,Plastic & fabric
285.jpg,Steel
286.jpg,Ballasted
287.jpg,Steel
288.jpg,Steel
289.jpg,Concrete
290.jpg,Concrete
291.jpg,Concrete
292.jpg,Steel
293.jpg,Adhered
294.jpg,Steel
295.jpg,Adhered
296.jpg,Concrete
297.jpg,Ballasted
298.jpg,Adhered
299.jpg,Adhered
300.jpg,Plastic & fabric
301.jpg,Ballasted
302.jpg,Concrete
303.jpg,Concrete
304.jpg,Steel
305.jpg,Adhered
306.jpg,Steel
307.jpg,Adhered
308.jpg,Plastic & fabric
309.jpg,Steel
310.jpg,Shingle
311.jpg,Adhered
312.jpg,Steel
313.jpg,Steel
314.jpg,Adhered
315.jpg,Steel
316.jpg,Plastic & fabric
317.jpg,Adhered
318.jpg,Adhered
319.jpg,Ballasted
320.jpg,Concrete
321.jpg,Adhered
322.jpg,Plastic & fabric
323.jpg,Steel
324.jpg,Plastic & fabric
325.jpg,Adhered
326.jpg,Concrete
327.jpg,Steel
328.jpg,Shingle
329.jpg,Steel
330.jpg,Steel
331.jpg,Steel
332.jpg,Adhered
333.jpg,Concrete
334.jpg,Steel
335.jpg,Ballasted
336.jpg,Steel
337.jpg,Steel
338.jpg,Steel
339.jpg,Steel
340.jpg,Concrete
341.jpg,Steel
342.jpg,Adhered
343.jpg,Steel
344.jpg,Steel
345.jpg,Steel
346.jpg,Steel
347.jpg,Shingle
348.jpg,Steel
349.jpg,Steel
350.jpg,Steel
351.jpg,Adhered
352.jpg,Steel
353.jpg,Steel
354.jpg,Steel
355.jpg,Steel
356.jpg,Ballasted
357.jpg,Concrete
358.jpg,Concrete
359.jpg,Steel
360.jpg,Ballasted
361.jpg,Adhered
362.jpg,Adhered
363.jpg,Adhered
364.jpg,Steel
365.jpg,Steel
366.jpg,Plastic & fabric
367.jpg,Steel
368.jpg,Steel
369.jpg,Steel
370.jpg,Steel
371.jpg,Concrete
372.jpg,Concrete
373.jpg,Steel
374.jpg,Plastic & fabric
375.jpg,Concrete
376.jpg,Adhered
377.jpg,Steel
378.jpg,Concrete
379.jpg,Steel
380.jpg,Steel
381.jpg,Adhered
382.jpg,Concrete
383.jpg,Plastic & fabric
384.jpg,Steel
385.jpg,Ballasted
386.jpg,Adhered
387.jpg,Adhered
388.jpg,Adhered
389.jpg,Adhered
390.jpg,Adhered
391.jpg,Steel
392.jpg,Ballasted
393.jpg,Concrete
394.jpg,Adhered
395.jpg,Adhered
396.jpg,Concrete
397.jpg,Steel
398.jpg,Steel
399.jpg,Concrete
400.jpg,Concrete
401.jpg,Steel
402.jpg,Steel
403.jpg,Steel
404.jpg,Steel
405.jpg,Plastic & fabric
406.jpg,Ballasted
407.jpg,Steel
408.jpg,Adhered
409.jpg,Plastic & fabric
410.jpg,Steel
411.jpg,Concrete
412.jpg,Steel
413.jpg,Concrete
414.jpg,Shingle
415.jpg,Steel
416.jpg,Concrete
417.jpg,Concrete
418.jpg,Steel
419.jpg,Adhered
420.jpg,Concrete
421.jpg,Steel
422.jpg,Concrete
423.jpg,Steel
424.jpg,Steel
425.jpg,Concrete
426.jpg,Concrete
427.jpg,Steel
428.jpg,Concrete
429.jpg,Steel
430.jpg,Adhered
431.jpg,Steel
432.jpg,Shingle
433.jpg,Concrete
434.jpg,Plastic & fabric
435.jpg,Steel
436.jpg,Adhered
437.jpg,Ballasted
438.jpg,Adhered
439.jpg,Steel
440.jpg,Steel
441.jpg,Steel
442.jpg,Ballasted
443.jpg,Steel
444.jpg,Steel
445.jpg,Adhered
446.jpg,Steel
447.jpg,Steel
448.jpg,Adhered
449.jpg,Adhered
450.jpg,Adhered
451.jpg,Adhered
452.jpg,Concrete
453.jpg,Steel
454.jpg,Ballasted
455.jpg,Adhered
456.jpg,Steel
457.jpg,Adhered
458.jpg,Steel
459.jpg,Plastic & fabric
460.jpg,Steel
461.jpg,Steel
462.jpg,Ballasted
463.jpg,Concrete
464.jpg,Adhered
465.jpg,Steel
466.jpg,Ballasted
467.jpg,Concrete
468.jpg,Plastic & fabric
469.jpg,Plastic & fabric
470.jpg,Steel
471.jpg,Steel
472.jpg,Plastic & fabric
473.jpg,Steel
474.jpg,Steel
475.jpg,Steel
476.jpg,Steel
477.jpg,Plastic & fabric
478.jpg,Adhered
479.jpg,Plastic & fabric
480.jpg,Steel
481.jpg,Ballasted
482.jpg,Steel
483.jpg,Concrete
484.jpg,Plastic & fabric
485.jpg,Steel
486.jpg,Adhered
487.jpg,Steel
488.jpg,Plastic & fabric
489.jpg,Adhered
490.jpg,Steel
491.jpg,Ballasted
492.jpg,Steel
493.jpg,Adhered
494.jpg,Steel
495.jpg,Adhered
496.jpg,Steel
497.jpg,Adhered
498.jpg,Concrete
499.jpg,Steel
500.jpg,Steel
501.jpg,Steel
502.jpg,Concrete
503.jpg,Concrete
504.jpg,Adhered
505.jpg,Shingle
506.jpg,Concrete
507.jpg,Ballasted
508.jpg,Steel
509.jpg,Steel
510.jpg,Concrete
511.jpg,Steel
512.jpg,Steel
513.jpg,Adhered
514.jpg,Concrete
515.jpg,Steel
516.jpg,Steel
517.jpg,Adhered
518.jpg,Adhered
519.jpg,Plastic & fabric
520.jpg,Adhered
521.jpg,Adhered
522.jpg,Concrete
523.jpg,Steel
524.jpg,Steel
525.jpg,Steel
526.jpg,Concrete
527.jpg,Ballasted
528.jpg,Concrete
529.jpg,Ballasted
530.jpg,Adhered
531.jpg,Ballasted
532.jpg,Steel
533.jpg,Steel
534.jpg,Steel
535.jpg,Concrete
536.jpg,Concrete
537.jpg,Adhered
538.jpg,Shingle
539.jpg,Ballasted
540.jpg,Adhered
541.jpg,Concrete
542.jpg,Steel
543.jpg,Ballasted
544.jpg,Steel
545.jpg,Concrete
546.jpg,Concrete
547.jpg,Adhered
548.jpg,Steel
549.jpg,Concrete
550.jpg,Steel
551.jpg,Concrete
552.jpg,Steel
553.jpg,Ballasted
554.jpg,Concrete
555.jpg,Adhered
556.jpg,Steel
557.jpg,Steel
558.jpg,Adhered
559.jpg,Steel
560.jpg,Adhered
561.jpg,Plastic & fabric
562.jpg,Plastic & fabric
563.jpg,Concrete
564.jpg,Steel
565.jpg,Steel
566.jpg,Plastic & fabric
567.jpg,Adhered
568.jpg,Concrete
569.jpg,Steel
570.jpg,Adhered
571.jpg,Steel
572.jpg,Adhered
573.jpg,Steel
574.jpg,Steel
575.jpg,Steel
576.jpg,Concrete
577.jpg,Steel
578.jpg,Adhered
579.jpg,Adhered
580.jpg,Concrete
581.jpg,Concrete
582.jpg,Steel
583.jpg,Steel
584.jpg,Plastic & fabric
585.jpg,Adhered
586.jpg,Ballasted
587.jpg,Concrete
588.jpg,Adhered
589.jpg,Adhered
590.jpg,Ballasted
591.jpg,Concrete
592.jpg,Steel
593.jpg,Steel
594.jpg,Ballasted
595.jpg,Ballasted
